1_0001.txt,1
1_0002.txt,1
1_0003.txt,1
1_0004.txt,1
1_0005.txt,1
1_0006.txt,1
1_0007.txt,1
1_0008.txt,1
1_0009.txt,1
1_0010.txt,1
1_0011.txt,1
1_0012.txt,1
1_0013.txt,1
1_0014.txt,1
1_0015.txt,1
1_0016.txt,1
1_0017.txt,1
1_0018.txt,1
2_0001.txt,2
2_0002.txt,2
2_0003.txt,2
2_0004.txt,2
2_0005.txt,2
2_0006.txt,2
2_0007.txt,2
2_0008.txt,2
2_0009.txt,2
2_0010.txt,2
2_0011.txt,2
3_0001.txt,3
3_0002.txt,3
3_0003.txt,3
3_0004.txt,3
3_0005.txt,3
3_0006.txt,3
3_0007.txt,3
3_0008.txt,3
3_0009.txt,3
3_0010.txt,3
3_0011.txt,3
3_0012.txt,3
3_0013.txt,3
3_0014.txt,3
3_0015.txt,3
3_0016.txt,3
3_0017.txt,3
3_0018.txt,3
3_0019.txt,3
3_0020.txt,3
3_0021.txt,3
3_0022.txt,3
3_0023.txt,3
3_0024.txt,3
3_0025.txt,3
3_0026.txt,3
3_0027.txt,3
3_0028.txt,3
3_0029.txt,3
3_0030.txt,3
3_0031.txt,3
3_0032.txt,3
3_0033.txt,3
3_0034.txt,3
3_0035.txt,3
3_0036.txt,3
3_0037.txt,3
3_0038.txt,3
3_0039.txt,3
3_0040.txt,3
3_0041.txt,3
3_0042.txt,3
3_0043.txt,3
3_0044.txt,3
3_0045.txt,3
3_0046.txt,3
3_0047.txt,3
3_0048.txt,3
3_0049.txt,3
3_0050.txt,3
3_0051.txt,3
3_0052.txt,3
3_0053.txt,3
3_0054.txt,3
3_0055.txt,3
3_0056.txt,3
3_0057.txt,3
3_0058.txt,3
3_0059.txt,3
3_0060.txt,3
3_0061.txt,3
3_0062.txt,3
3_0063.txt,3
3_0064.txt,3
3_0065.txt,3
3_0066.txt,3
3_0067.txt,3
4_0001.txt,4
4_0002.txt,4
4_0003.txt,4
4_0004.txt,4
4_0005.txt,4
4_0006.txt,4
4_0007.txt,4
4_0008.txt,4
4_0009.txt,4
4_0010.txt,4
4_0011.txt,4
4_0012.txt,4
4_0013.txt,4
4_0014.txt,4
4_0015.txt,4
4_0016.txt,4
4_0017.txt,4
4_0018.txt,4
4_0019.txt,4
4_0020.txt,4
4_0021.txt,4
4_0022.txt,4
4_0023.txt,4
4_0024.txt,4
4_0025.txt,4
4_0026.txt,4
4_0027.txt,4
4_0028.txt,4
4_0029.txt,4
4_0030.txt,4
4_0031.txt,4
4_0032.txt,4
4_0033.txt,4
4_0034.txt,4
4_0035.txt,4
4_0036.txt,4
4_0037.txt,4
4_0038.txt,4
4_0039.txt,4
4_0040.txt,4
4_0041.txt,4
4_0042.txt,4
4_0043.txt,4
4_0044.txt,4
4_0045.txt,4
4_0046.txt,4
4_0047.txt,4
4_0048.txt,4
4_0049.txt,4
4_0050.txt,4
4_0051.txt,4
4_0052.txt,4
4_0053.txt,4
4_0054.txt,4
4_0055.txt,4
4_0056.txt,4
4_0057.txt,4
4_0058.txt,4
4_0059.txt,4
4_0060.txt,4
4_0061.txt,4
4_0062.txt,4
4_0063.txt,4
4_0064.txt,4
4_0065.txt,4
4_0066.txt,4
4_0067.txt,4
4_0068.txt,4
4_0069.txt,4
4_0070.txt,4
4_0071.txt,4
4_0072.txt,4
4_0073.txt,4
4_0074.txt,4
4_0075.txt,4
4_0076.txt,4
4_0077.txt,4
4_0078.txt,4
4_0079.txt,4
4_0080.txt,4
4_0081.txt,4
4_0082.txt,4
4_0083.txt,4
4_0084.txt,4
4_0085.txt,4
4_0086.txt,4
4_0087.txt,4
4_0088.txt,4
4_0089.txt,4
4_0090.txt,4
4_0091.txt,4
4_0092.txt,4
4_0093.txt,4
4_0094.txt,4
4_0095.txt,4
4_0096.txt,4
4_0097.txt,4
4_0098.txt,4
4_0099.txt,4
4_0100.txt,4
4_0101.txt,4
4_0102.txt,4
4_0103.txt,4
4_0104.txt,4
4_0105.txt,4
4_0106.txt,4
4_0107.txt,4
4_0108.txt,4
4_0109.txt,4
4_0110.txt,4
4_0111.txt,4
4_0112.txt,4
4_0113.txt,4
4_0114.txt,4
4_0115.txt,4
4_0116.txt,4
4_0117.txt,4
4_0118.txt,4
4_0119.txt,4
4_0120.txt,4
4_0121.txt,4
4_0122.txt,4
4_0123.txt,4
4_0124.txt,4
4_0125.txt,4
4_0126.txt,4
4_0127.txt,4
4_0128.txt,4
4_0129.txt,4
4_0130.txt,4
4_0131.txt,4
4_0132.txt,4
4_0133.txt,4
4_0134.txt,4
4_0135.txt,4
